Model,Dataset,Accuracy,Precision,Recall,F1,ROC_AUC
Logistic Regression,Bez behaviorálnych dát,0.6119002501522501,0.7056368860387849,0.6032604925424904,0.6504184786462102,0.6530400789299659
Logistic Regression,S behaviorálnymi dátami,0.5425593585701802,0.6968238826004817,0.4175511619840444,0.5213021334977246,0.5916382758035159
Random Forest,Bez behaviorálnych dát,0.6092016991317435,0.7025012260025774,0.6022892819979189,0.6483914849678847,0.6554201115904172
Random Forest,S behaviorálnymi dátami,0.8038117268091897,0.9419640424954941,0.7163371488033299,0.8137975753913353,0.8969676460003928
Gradient Boosting,Bez behaviorálnych dát,0.6312076225742578,0.6582274483593206,0.7984044398196323,0.7215441303799935,0.6569630018585454
Gradient Boosting,S behaviorálnymi dátami,0.8195898023817915,0.8951615534613474,0.7912591050988553,0.8399853128834767,0.9000849833823196
XGBoost,Bez behaviorálnych dát,0.62792739170587,0.6576384868330905,0.7893166840097121,0.7174757715097206,0.6531732029439559
XGBoost,S behaviorálnymi dátami,0.8218735624177107,0.8911473740372624,0.8001387443635103,0.8431752556073399,0.9033079825168796
