Model,Dataset,Accuracy,Precision,Recall,F1,ROC_AUC
Logistic Regression,Bez behaviorálnych dát,0.6151131409591032,0.7063778580024067,0.6108220603537982,0.6551339285714286,0.6577915828658603
Logistic Regression,S behaviorálnymi dátami,0.5312435125596845,0.679700977573318,0.4099895941727367,0.5114668974469927,0.5757824726555592
Random Forest,Bez behaviorálnych dát,0.6149055428690056,0.7012529365700861,0.6212278876170656,0.6588192017656797,0.6585686122801675
Random Forest,S behaviorálnymi dátami,0.8019514220469172,0.9410150891632373,0.7138397502601457,0.8118343195266272,0.898095618827481
Gradient Boosting,Bez behaviorálnych dát,0.6296450072659332,0.6575853168913106,0.7953520638224072,0.7199372056514913,0.6607772948507834
Gradient Boosting,S behaviorálnymi dátami,0.8198048577953083,0.8952530404080031,0.7915365938258758,0.8402061855670103,0.9015939101698398
XGBoost,Bez behaviorálnych dát,0.6259082416441769,0.6558085903718651,0.7891085674644468,0.7163098236775819,0.6561343983792592
XGBoost,S behaviorálnymi dátami,0.8227112310566743,0.8939805825242718,0.7984738120013875,0.8435324294613411,0.9045850922983606
